<?xml version="1.0" encoding="UTF-8"?>
<beans xmlns="http://www.springframework.org/schema/beans"
	xmlns:xsi="http://www.w3.org/2001/XMLSchema-instance"
	xsi:schemaLocation="http://www.springframework.org/schema/beans https://www.springframework.org/schema/beans/spring-beans.xsd">
	
	<bean id="ftpClientFactory"
    class="org.springframework.integration.ftp.session.DefaultFtpSessionFactory">
    	<property name="host" value="localhost"/>
    	<property name="port" value="21"/>
    	<property name="username" value="yeti"/>
    	<property name="password" value=""/>
    	<property name="clientMode" value="0"/>
    	<property name="fileType" value="2"/>
   		<property name="bufferSize" value="100000"/>
	</bean>
</beans>
